<Extensions><Version>1.9</Version><Panel>
    <Order>3</Order>
    <PanelId>jzoomTools~4-1-1~Tools~Visible</PanelId>
    <Origin>local</Origin>
    <Type>InCall</Type>
    <Icon>Custom</Icon>
    <Color>#000000</Color>
    <Name>Zoom Tools</Name>
    <ActivityType>Custom</ActivityType>
    <CustomIcon>
      <Id>dc0d6b10a97922ec56a31687254e494b0ebd0ea27d671392809c4694ec3a7b85</Id>
    </CustomIcon>
    <Location>CallControls</Location>
    <Visibility>Hidden</Visibility>
  </Panel>
  </Extensions>