<Extensions><Version>1.9</Version><Panel>
    <Order>1</Order>
    <PanelId>prov:webapp_1</PanelId>
    <Origin>external</Origin>
    <Type>Global</Type>
    <Icon>Custom</Icon>
    <IconUrl>https://ddm2gd3hh6a8o.cloudfront.net/wp-content/uploads/2022/09/spaces-symbol-story.png</IconUrl>
    <Name>Cisco Spaces</Name>
    <ActivityType>WebApp</ActivityType>
    <ActivityData>https://workspaces.dnaspaces.io/#/preview/?token=22409a46-c506-4e72-b3a2-79615b7a8973</ActivityData>
    <Location>HomeScreenAndCallControls</Location>
    <CustomIcon>
      <Id>7181de5679dab0fe50693e982b0c7d67a32e01c8c3e48f1a4b41e60a24af58ab</Id>
    </CustomIcon>
  </Panel>
  </Extensions>