<Extensions><Version>1.11</Version><Panel>
    <PanelId>joinZoom~4-1-1~Style_New</PanelId>
    <Origin>local</Origin>
    <Order>2</Order>
    <Location>Hidden</Location>
    <Icon>Briefing</Icon>
    <Name>Join Zoom NEW</Name>
    <ActivityType>Custom</ActivityType>
    <Page>
      <Name>Join Zoom</Name>
      <Row>
        <Name>Meeting ID</Name>
        <Widget>
          <WidgetId>joinZoom~4-1-1~Style_New~MeetingId~Text</WidgetId>
          <Name>5-40 Digit Meeting Id</Name>
          <Type>Text</Type>
          <Options>size=3;fontSize=normal;align=left</Options>
        </Widget>
        <Widget>
          <WidgetId>joinZoom~4-1-1~Style_New~MeetingId~Enter</WidgetId>
          <Name>Enter</Name>
          <Type>Button</Type>
          <Options>size=1</Options>
        </Widget>
      </Row>
      <Row>
        <Name>Passcode</Name>
        <Widget>
          <WidgetId>joinZoom~4-1-1~Style_New~Passcode~Text</WidgetId>
          <Name>Passcode</Name>
          <Type>Text</Type>
          <Options>size=3;fontSize=normal;align=left</Options>
        </Widget>
        <Widget>
          <WidgetId>joinZoom~4-1-1~Style_New~Passcode~Enter</WidgetId>
          <Name>Enter</Name>
          <Type>Button</Type>
          <Options>size=1</Options>
        </Widget>
      </Row>
      <Row>
        <Name>Role</Name>
        <Widget>
          <WidgetId>joinZoom~4-1-1~Style_New~Role</WidgetId>
          <Type>GroupButton</Type>
          <Options>size=4</Options>
          <ValueSpace>
            <Value>
              <Key>joinZoom~4-1-1~Style_New~Role~Participant</Key>
              <Name>Participant</Name>
            </Value>
            <Value>
              <Key>joinZoom~4-1-1~Style_New~Role~Host</Key>
              <Name>Host</Name>
            </Value>
          </ValueSpace>
        </Widget>
      </Row>
      <Row>
        <Name/>
        <Widget>
          <WidgetId>joinZoom~4-1-1~Style_New~HostKey~Text</WidgetId>
          <Name>- - - - - - - - - - - - - -</Name>
          <Type>Text</Type>
          <Options>size=4;fontSize=normal;align=center</Options>
        </Widget>
      </Row>
      <Row>
        <Name/>
        <Widget>
          <WidgetId>joinZoom~4-1-1~Style_New~HostKey~CallZoom</WidgetId>
          <Name>Connect to Zoom</Name>
          <Type>Button</Type>
          <Options>size=4</Options>
        </Widget>
      </Row>
      <Options/>
    </Page>
  </Panel>
</Extensions>