<Extensions><Version>1.9</Version><Panel>
    <Order>15</Order>
    <PanelId>panel_ms_teams</PanelId>
    <Origin>local</Origin>
    <Location>HomeScreen</Location>
    <Icon>Custom</Icon>
    <Color>#FC5143</Color>
    <Name>MS Teams</Name>
    <ActivityType>Custom</ActivityType>
    <CustomIcon>
      <Id>681c287f3e52ef677cb65d204555c250ca64d03e7ea20a8210e8971e1de1a9aa</Id>
    </CustomIcon>
    <Page>
      <Name>MS Teams</Name>
      <Row>
        <Name>Meeting Number</Name>
        <Widget>
          <WidgetId>ms_int</WidgetId>
          <Name>Enter</Name>
          <Type>Button</Type>
          <Options>size=3</Options>
        </Widget>
      </Row>
      <Options/>
    </Page>
  </Panel>
</Extensions>